<?xml version="1.0" encoding="UTF-8"?>
<project-private xmlns="http://www.netbeans.org/ns/project-private/1">
    <editor-bookmarks xmlns="http://www.netbeans.org/ns/editor-bookmarks/2" lastBookmarkId="0"/>
    <open-files xmlns="http://www.netbeans.org/ns/projectui-open-files/2">
        <group>
            <file>file:/C:/Users/Lenovo/Documents/GitHub/CDCS266-CSC584-Group-Project/JRMS/src/java/com/controller/UserController.java</file>
            <file>file:/C:/Users/Lenovo/Documents/GitHub/CDCS266-CSC584-Group-Project/JRMS/web/aboutus.jsp</file>
            <file>file:/C:/Users/Lenovo/Documents/GitHub/CDCS266-CSC584-Group-Project/JRMS/web/listofjobvacancy.jsp</file>
            <file>file:/C:/Users/Lenovo/Documents/GitHub/CDCS266-CSC584-Group-Project/JRMS/src/java/com/model/RecruitmentCompany.java</file>
            <file>file:/C:/Users/Lenovo/Documents/GitHub/CDCS266-CSC584-Group-Project/JRMS/web/listofcompany.jsp</file>
            <file>file:/C:/Users/Lenovo/Documents/GitHub/CDCS266-CSC584-Group-Project/JRMS/web/createUser.jsp</file>
            <file>file:/C:/Users/Lenovo/Documents/GitHub/CDCS266-CSC584-Group-Project/JRMS/src/java/com/controller/Logout.java</file>
            <file>file:/C:/Users/Lenovo/Documents/GitHub/CDCS266-CSC584-Group-Project/JRMS/web/user_list.jsp</file>
            <file>file:/C:/Users/Lenovo/Documents/GitHub/CDCS266-CSC584-Group-Project/JRMS/web/signup.jsp</file>
            <file>file:/C:/Users/Lenovo/Documents/GitHub/CDCS266-CSC584-Group-Project/JRMS/nbproject/build-impl.xml</file>
            <file>file:/C:/Users/Lenovo/Documents/GitHub/CDCS266-CSC584-Group-Project/JRMS/src/java/com/model/User.java</file>
            <file>file:/C:/Users/Lenovo/Documents/GitHub/CDCS266-CSC584-Group-Project/JRMS/web/create_job.jsp</file>
            <file>file:/C:/Users/Lenovo/Documents/GitHub/CDCS266-CSC584-Group-Project/JRMS/web/updatejob.jsp</file>
            <file>file:/C:/Users/Lenovo/Documents/GitHub/CDCS266-CSC584-Group-Project/JRMS/web/company_profile.jsp</file>
            <file>file:/C:/Users/Lenovo/Documents/GitHub/CDCS266-CSC584-Group-Project/JRMS/src/conf/MANIFEST.MF</file>
            <file>file:/C:/Users/Lenovo/Documents/GitHub/CDCS266-CSC584-Group-Project/JRMS/web/hire_candidate.jsp</file>
            <file>file:/C:/Users/Lenovo/Documents/GitHub/CDCS266-CSC584-Group-Project/JRMS/web/jobs.jsp</file>
            <file>file:/C:/Users/Lenovo/Documents/GitHub/CDCS266-CSC584-Group-Project/JRMS/src/java/com/tag/NavBarTag.java</file>
            <file>file:/C:/Users/Lenovo/Documents/GitHub/CDCS266-CSC584-Group-Project/JRMS/web/updateprofile.jsp</file>
            <file>file:/C:/Users/Lenovo/Documents/GitHub/CDCS266-CSC584-Group-Project/JRMS/src/java/hibernate.cfg.xml</file>
            <file>file:/C:/Users/Lenovo/Documents/GitHub/CDCS266-CSC584-Group-Project/JRMS/src/java/com/dao/SessionFact.java</file>
            <file>file:/C:/Users/Lenovo/Documents/GitHub/CDCS266-CSC584-Group-Project/JRMS/src/java/com/model/AdminUser.java</file>
            <file>file:/C:/Users/Lenovo/Documents/GitHub/CDCS266-CSC584-Group-Project/JRMS/src/java/com/controller/JobApplicationController.java</file>
            <file>file:/C:/Users/Lenovo/Documents/GitHub/CDCS266-CSC584-Group-Project/JRMS/web/navbar.jsp</file>
            <file>file:/C:/Users/Lenovo/Documents/GitHub/CDCS266-CSC584-Group-Project/JRMS/web/WEB-INF/web.xml</file>
            <file>file:/C:/Users/Lenovo/Documents/GitHub/CDCS266-CSC584-Group-Project/JRMS/src/java/com/controller/RecruitmentCompanyController.java</file>
            <file>file:/C:/Users/Lenovo/Documents/GitHub/CDCS266-CSC584-Group-Project/JRMS/src/java/com/model/JobApplication.java</file>
            <file>file:/C:/Users/Lenovo/Documents/GitHub/CDCS266-CSC584-Group-Project/JRMS/web/subscription.jsp</file>
            <file>file:/C:/Users/Lenovo/Documents/GitHub/CDCS266-CSC584-Group-Project/JRMS/src/java/com/model/CandidateUser.java</file>
            <file>file:/C:/Users/Lenovo/Documents/GitHub/CDCS266-CSC584-Group-Project/JRMS/src/java/com/model/CompanyUser.java</file>
            <file>file:/C:/Users/Lenovo/Documents/GitHub/CDCS266-CSC584-Group-Project/JRMS/src/java/com/controller/Test.java</file>
            <file>file:/C:/Users/Lenovo/Documents/GitHub/CDCS266-CSC584-Group-Project/JRMS/web/WEB-INF/custom.tld</file>
            <file>file:/C:/Users/Lenovo/Documents/GitHub/CDCS266-CSC584-Group-Project/JRMS/web/login.jsp</file>
            <file>file:/C:/Users/Lenovo/Documents/GitHub/CDCS266-CSC584-Group-Project/JRMS/web/index.jsp</file>
            <file>file:/C:/Users/Lenovo/Documents/GitHub/CDCS266-CSC584-Group-Project/JRMS/web/reg_company.jsp</file>
            <file>file:/C:/Users/Lenovo/Documents/GitHub/CDCS266-CSC584-Group-Project/JRMS/src/java/com/controller/JobVacanciesController.java</file>
            <file>file:/C:/Users/Lenovo/Documents/GitHub/CDCS266-CSC584-Group-Project/JRMS/src/java/com/model/JobVacancies.java</file>
        </group>
    </open-files>
</project-private>
